,real,synthetic
0,0.5598186822081918,0.5208765176191886
1,0.48787956111252867,0.4559890217604391
2,0.4987869966035905,0.3898756660746004
3,0.23790173623937944,0.33558497703323426
4,0.4419692581866786,0.47165532879818595
5,0.4424449270865654,0.5015119795301233
6,0.36423642364236425,0.32516810758885684
7,0.23974082073434122,0.3224421655139518
8,0.4455611390284757,0.38829407566024265
9,0.4956885932495689,0.4719706242350061
