,real,synthetic
0,0.5330528846153846,0.5193460490463215
1,0.4859022556390978,0.4840819886611426
2,0.488848429676832,0.3704789833822092
3,0.18118948824343015,0.1539491298527443
4,0.44731361932528113,0.445583596214511
5,0.4633730834752982,0.4057840036150022
6,0.3610955841252096,0.36121470431539693
7,0.24895104895104894,0.3649711588883063
8,0.4454203262233375,0.38964241676942046
9,0.49567198177676536,0.4897777777777777
